466eec9ed8e7c6fa6f00110e5f996d8e,2013-05-17 16:11:35,none,none,button_load,
466eec9ed8e7c6fa6f00110e5f996d8e,2013-05-17 16:11:36,none,none,button_click,
466eec9ed8e7c6fa6f00110e5f996d8e,2013-05-17 16:11:37,100005022126470,none,authorized,
466eec9ed8e7c6fa6f00110e5f996d8e,2013-05-17 16:11:40,100005022126470,500876410,shown,
466eec9ed8e7c6fa6f00110e5f996d8e,2013-05-17 16:12:22,100005022126470,500876410,suppressed,
466eec9ed8e7c6fa6f00110e5f996d8e,2013-05-17 16:12:25,100005022126470,500876410,suppressed,
191c4bbff1fa8923f152d11b3844cadd,2013-05-17 17:47:34,none,none,button_load,
191c4bbff1fa8923f152d11b3844cadd,2013-05-17 17:47:35,none,none,button_click,
191c4bbff1fa8923f152d11b3844cadd,2013-05-17 17:47:35,100005022126470,none,authorized,
191c4bbff1fa8923f152d11b3844cadd,2013-05-17 17:47:38,100005022126470,500876410,shown,
191c4bbff1fa8923f152d11b3844cadd,2013-05-17 17:47:47,100005022126470,500876410,suppressed,
d26a17c0dfed387d5885b76ed1d15c39,2013-05-22 20:06:53,none,none,button_load,
d26a17c0dfed387d5885b76ed1d15c39,2013-05-22 20:06:55,none,none,button_click,
d26a17c0dfed387d5885b76ed1d15c39,2013-05-22 20:07:00,100003222687678,none,authorized,
d26a17c0dfed387d5885b76ed1d15c39,2013-05-22 20:07:02,100003222687678,500876410,shown,
d26a17c0dfed387d5885b76ed1d15c39,2013-05-22 20:07:02,100003222687678,509180028,shown,
d26a17c0dfed387d5885b76ed1d15c39,2013-05-22 20:07:02,100003222687678,8606226,shown,
d26a17c0dfed387d5885b76ed1d15c39,2013-05-22 20:07:03,100003222687678,518300591,shown,
d26a17c0dfed387d5885b76ed1d15c39,2013-05-22 20:07:03,100003222687678,700182783,shown,
d26a17c0dfed387d5885b76ed1d15c39,2013-05-22 20:07:03,100003222687678,2210553,shown,
d26a17c0dfed387d5885b76ed1d15c39,2013-05-22 20:08:41,100003222687678,2210553,suppressed,
d26a17c0dfed387d5885b76ed1d15c39,2013-05-22 20:08:41,100003222687678,4100853,shown,
d26a17c0dfed387d5885b76ed1d15c39,2013-05-22 20:08:45,100003222687678,4100853,suppressed,
d26a17c0dfed387d5885b76ed1d15c39,2013-05-22 20:08:45,100003222687678,18718592,shown,
d26a17c0dfed387d5885b76ed1d15c39,2013-05-22 20:08:46,100003222687678,18718592,suppressed,
d26a17c0dfed387d5885b76ed1d15c39,2013-05-22 20:08:46,100003222687678,1546335889,shown,
d26a17c0dfed387d5885b76ed1d15c39,2013-05-22 20:08:48,100003222687678,1546335889,suppressed,
d26a17c0dfed387d5885b76ed1d15c39,2013-05-22 20:08:48,100003222687678,6963,shown,
dc4261f130ab2dbc2a2795e51c9e80ad,2013-05-24 23:11:38,none,none,button_load,
dc4261f130ab2dbc2a2795e51c9e80ad,2013-05-24 23:11:40,none,none,button_click,
dc4261f130ab2dbc2a2795e51c9e80ad,2013-05-24 23:11:40,100005022126470,none,authorized,
dc4261f130ab2dbc2a2795e51c9e80ad,2013-05-24 23:11:41,100005022126470,500876410,shown,
d27641800d4f226802dbc2380fc62ddb,2013-05-27 15:52:27,none,none,button_load,
a59824952cb6f38b79573420159b6530,2013-05-27 15:52:56,none,none,button_load,
25c0310d8b425c6ecec559c61043f6f9,2013-06-28 22:53:02,none,none,button_load,
fb35a4f4b8907acbc31ed55b83f0d7f8,2013-06-28 22:53:16,none,none,button_load,
