9ebee392c1db360aa7972f29e2ba4534,2013-07-10 13:23:10,,,button_load,
9ebee392c1db360aa7972f29e2ba4534,2013-07-10 13:23:15,,,button_click,
9ebee392c1db360aa7972f29e2ba4534,2013-07-10 13:23:16,64901670,,authorized,
9ebee392c1db360aa7972f29e2ba4534,2013-07-10 13:23:24,64901670,64901819,shown,
9ebee392c1db360aa7972f29e2ba4534,2013-07-10 13:23:24,64901670,55101826,shown,
9ebee392c1db360aa7972f29e2ba4534,2013-07-10 14:12:48,64901670,64901819,shown,
9ebee392c1db360aa7972f29e2ba4534,2013-07-10 14:12:48,64901670,55101826,shown,
9ebee392c1db360aa7972f29e2ba4534,2013-07-10 14:24:54,64901670,64901819,shown,
9ebee392c1db360aa7972f29e2ba4534,2013-07-10 14:24:54,64901670,55101826,shown,
9ebee392c1db360aa7972f29e2ba4534,2013-07-10 14:33:45,64901670,64901819,shown,
9ebee392c1db360aa7972f29e2ba4534,2013-07-10 14:33:45,64901670,55101826,shown,
9ebee392c1db360aa7972f29e2ba4534,2013-07-10 14:34:26,64901670,64901819,shown,
9ebee392c1db360aa7972f29e2ba4534,2013-07-10 14:34:26,64901670,55101826,shown,
9ebee392c1db360aa7972f29e2ba4534,2013-07-10 16:23:37,64901670,64901819,shown,
9ebee392c1db360aa7972f29e2ba4534,2013-07-10 16:23:37,64901670,55101826,shown,
9ebee392c1db360aa7972f29e2ba4534,2013-07-10 16:23:56,64901670,64901819,shown,
9ebee392c1db360aa7972f29e2ba4534,2013-07-10 16:23:56,64901670,55101826,shown,
3b3875bf97d54f6768d01ed0caacb50f,2013-07-10 16:42:38,,,button_load,
3b3875bf97d54f6768d01ed0caacb50f,2013-07-10 16:42:39,,,button_click,
3b3875bf97d54f6768d01ed0caacb50f,2013-07-10 16:42:39,100005022126470,,authorized,
3b3875bf97d54f6768d01ed0caacb50f,2013-07-10 16:42:41,100005022126470,,no_friends_error,
9ebee392c1db360aa7972f29e2ba4534,2013-07-10 16:43:31,64901670,64901819,shown,
9ebee392c1db360aa7972f29e2ba4534,2013-07-10 16:43:31,64901670,55101826,shown,
9ebee392c1db360aa7972f29e2ba4534,2013-07-10 18:16:25,64901670,64901819,shown,
9ebee392c1db360aa7972f29e2ba4534,2013-07-10 18:16:25,64901670,55101826,shown,
9ebee392c1db360aa7972f29e2ba4534,2013-07-10 18:25:22,64901670,64901819,shown,
9ebee392c1db360aa7972f29e2ba4534,2013-07-10 18:25:22,64901670,55101826,shown,
